name,description,price,compare at price,category,brand,sku,stock,images,tags,sizes,colors,fabric
KESAR EMBROIDERED 3PC,"Product Description:

This exquisite Festive/Party Wear Kesar Embroidered 3-Piece Suit by Tehzeeb Libas is a timeless masterpiece in rich maroon. The straight-cut kurta boasts intricate embroidery, while the farshi shalwar features vibrant floral prints. Paired with a matching grip dupatta, this ensemble is perfect for formal events. Add regal charm to your wardrobe with this standout piece.

Color: Maroon

Price Includes: 3 Piece

Fabric Detail:

Shirt: Lawn

Bottom: Lawn

Dupatta: Voile

Shipping Time: 7 Days

Disclaimer: Actual product color may vary slightly from the image.",5580,14950,Festive Chiffon,Tehzeeb Libas,PAK-KE3-S-0,37,https://cdn.shopify.com/s/files/1/0664/5288/1483/files/IMG_3008.JPG_1.jpg?v=1785935809|https://cdn.shopify.com/s/files/1/0664/5288/1483/files/IMG_3011.JPG_1.jpg?v=1785935869|https://cdn.shopify.com/s/files/1/0664/5288/1483/files/IMG_3012_1.heic?v=1785935725|https://cdn.shopify.com/s/files/1/0664/5288/1483/files/IMG_3010.JPG_1.jpg?v=1785935728|https://cdn.shopify.com/s/files/1/0664/5288/1483/files/IMG_3009_1.heic?v=1785935724|https://cdn.shopify.com/s/files/1/0664/5288/1483/files/IMG_3007.JPG_1.jpg?v=1785935728,,S,,Not specified
DANANEER 2PC,"Product Description:

This exquisite Women's Daily/Basic Wear Kurta Set from Tehzeeb Libas, named Dananeer, exudes tradition with a contemporary twist. The deep navy-blue Straight Cut Kurta is beautifully embroidered with vibrant floral motifs, complemented by delicate details on the sleeves. Paired with a Farshi Shalwar in crisp white lawn, this slim-fit ensemble is perfect for summar wear, offering timeless style and elegance for any occasion.

Color: Navy Blue

Price Includes: 2 Piece

Fabric Detail:

Shirt: Lawn

Bottom: Lawn

Shipping Time: 7 Days

Disclaimer: Actual product color may vary slightly from the image.",3760,9850,Everyday Essentials,Tehzeeb Libas,PAK-D2-S-0,186,https://cdn.shopify.com/s/files/1/0664/5288/1483/files/20260417201356-655cdcf482ec4cc5-media_image-f4e359250b3945f491b24752ebfe4561.png?v=1780660017|https://cdn.shopify.com/s/files/1/0664/5288/1483/files/20260417201356-95a02dcef55c41c9-media_image-51d6a820f68646e2a42b41f51e52de75.png?v=1780660017|https://cdn.shopify.com/s/files/1/0664/5288/1483/files/20260417201356-ef1831e5008f4b60-media_image-dd36486edf564809bd714bd3a21ace31.png?v=1780660017|https://cdn.shopify.com/s/files/1/0664/5288/1483/files/20260417201355-d73486c4e1b74881-media_image-251e5e9184b04de3b19f31e2e31d00f6.png?v=1780660017|https://cdn.shopify.com/s/files/1/0664/5288/1483/files/20260417201358-a4939e186d264045-media_image-a34cea41ab7a4644bca8c1a4dd613e1f.png?v=1780660017,,S,,Not specified
ZAITOON EMBROIDERED 3PC,"tep into timeless elegance with this stunning 3-piece ensemble, beautifully adorned with intricate black embroidery. The shirt features detailed traditional patterns on the neckline, sleeves, and hem, creating a rich, heritage-inspired look that feels both classic and refined. Subtle paisley motifs scattered across the fabric add an extra touch of artistry and charm.The wide, flowy sleeves with delicate lace finishing enhance the overall silhouette, giving the outfit a graceful and luxurious feel. Paired with a matching straight trouser, the look stays balanced, polished, and comfortable for all-day wear.Completing the ensemble is a coordinated dupatta with elegant borders that drapes effortlessly, adding movement and sophistication to the outfit. Perfect for festive gatherings, family events, and formal daytime occasions, this outfit blends tradition with modern elegance a must-have for women who love understated yet statement-making style.

Shirt Fabrics: Lawn

Trouser Fabrics: Lawn

Dupatta Fabrics: Chiffon

Season: Summer Wear",5680,15500,Festive Chiffon,Tehzeeb Libas,PAK-ZE3-S-3,50,https://cdn.shopify.com/s/files/1/0664/5288/1483/files/20260128130649-8a1eb3b9ffb1476e-media_image-9cfbb4dd277044f486a28ffcf3b08a8d.jpg?v=1779370724|https://cdn.shopify.com/s/files/1/0664/5288/1483/files/20260128130648-7385c33551bc48bb-media_image-737a026affe1463dae54c9ce2e6c0b5f.jpg?v=1779370724|https://cdn.shopify.com/s/files/1/0664/5288/1483/files/20260128130648-cd4a412ba90d4692-media_image-5d2e2341642d4074b98277cba77dcf20.jpg?v=1779370724|https://cdn.shopify.com/s/files/1/0664/5288/1483/files/20260128130649-8f43329a79de44d5-media_image-094c24cf98fa44b99bb58e03460deecd.jpg?v=1779370724|https://cdn.shopify.com/s/files/1/0664/5288/1483/files/20260128130650-0c6a534665ba4f2f-media_image-f80a3ab04ad84c649227c96b89be7e3f.jpg?v=1779370724|https://cdn.shopify.com/s/files/1/0664/5288/1483/files/20260128130650-98537b835b594b58-media_image-a299014867374897ab8b15b019da4ae7.jpg?v=1779370724|https://cdn.shopify.com/s/files/1/0664/5288/1483/files/20260128130650-d3b158e66adc470e-media_image-0852f4fe9c524751a7863455b01ba7bd.jpg?v=1779370724,,S,,Not specified
ROOHI EMBROIDERED 3PC,"Product Description:

This exquisite Festive Party Wear kurta set from Tehzeeb Libas exudes timeless elegance in deep plum. The straight cut kurta features delicate floral embroidery, a detailed neckline, and patterned cuffs, while the slim-fit Culottes boast embroidered borders. A forest-green lawn dupatta with intricate embellishments completes the sophisticated look. Perfect for all seasons, this 3-piece ensemble combines luxury with comfort.

Color: Purple

Price Includes: 3 Piece

Fabric Detail:

Shirt: Lawn

Bottom: Lawn

Dupatta: Chiffon

Shipping Time: 7 Days

Disclaimer: Actual product color may vary slightly from the image.",5985,14500,Festive Chiffon,Tehzeeb Libas,PAK-RE3-S-3,48,https://cdn.shopify.com/s/files/1/0664/5288/1483/files/20260121144936-649a72c94a2f49e7-media_image-ebaec49a65864b23a54f3e7308f29e2d.webp?v=1778497368|https://cdn.shopify.com/s/files/1/0664/5288/1483/files/20260121144935-42f890492003494d-media_image-be8a1396926449b98cb57273bea61352.webp?v=1778497368|https://cdn.shopify.com/s/files/1/0664/5288/1483/files/20260121144936-8c2418126b5143ff-media_image-ae9fa807a0ff42b0806b15f16e6c7d6f.webp?v=1778497368|https://cdn.shopify.com/s/files/1/0664/5288/1483/files/20260121144937-4205be01933a4263-media_image-7d061832bbe64e29854d864f16a820a5.webp?v=1778497368|https://cdn.shopify.com/s/files/1/0664/5288/1483/files/20260121144936-e9cbf4e14e8347fc-media_image-2df003fd76a84845a4f8d76042490c91.webp?v=1778497368|https://cdn.shopify.com/s/files/1/0664/5288/1483/files/20260121144935-3cd0123489c847d0-media_image-a844d71023b24239b18ee827ca1f8a20.webp?v=1778497368|https://cdn.shopify.com/s/files/1/0664/5288/1483/files/20260121144935-0ba8bd47419747c3-media_image-6a1a28813c5648e7b736ba4e669f5740.webp?v=1778497368|https://cdn.shopify.com/s/files/1/0664/5288/1483/files/20260121144936-f9c822e2aa0f4e4a-media_image-513f884f6e64442788c667b755d2f21d.webp?v=1778497368,,S,,Not specified
SAPPHIRE BLACK EMBROIDERED 3PC,"Product Description:

This elegant Straight Cut Kurta Set exudes sophistication with its intricate embroidery and slim-fit design. The classic black color is highlighted by white detailing, creating a timeless contrast. Made from breathable cotton, this 3-piece ensemble includes a Dupatta in chiffon, perfect for summer wear. Elevate your everyday look with this versatile outfit from Tehzeeb Libas.

Color: Black

Price Includes: 3 Piece

Fabric Detail:

Shirt: Cotton

Bottom: Cotton

Dupatta: Chiffon

Shipping Time: 7 Days

Disclaimer: Actual product color may vary slightly from the image.",5960,15950,Everyday Essentials,Tehzeeb Libas,PAK-SBE3-S-0,364,https://cdn.shopify.com/s/files/1/0664/5288/1483/files/20260415191308-8bacb280130d479f-media_image-940de1ddb6f5437caec527bcd690cbdd.jpg?v=1779369555|https://cdn.shopify.com/s/files/1/0664/5288/1483/files/20260415191308-5c96b40330af4dbe-media_image-6c7d2884bc8a4e109b17529a5c546525.jpg?v=1779369555|https://cdn.shopify.com/s/files/1/0664/5288/1483/files/20260415191305-21356da05e5144fc-media_image-50a9c6586feb498f8e6653a53c52f723.jpg?v=1779369555|https://cdn.shopify.com/s/files/1/0664/5288/1483/files/20260415191305-cdda368eae804073-media_image-9ead410f966541b1bce0b36d258c95b4.jpg?v=1779369555|https://cdn.shopify.com/s/files/1/0664/5288/1483/files/20260415191306-63a596c2873d493f-media_image-12bb561006894036ae146f46c5f4626e.jpg?v=1779369555|https://cdn.shopify.com/s/files/1/0664/5288/1483/files/20260415191308-83fdb77c91d24e9c-media_image-987397a00ba4478b98a69b368685b20d.jpg?v=1779369555|https://cdn.shopify.com/s/files/1/0664/5288/1483/files/20260415191305-4d8fdacbdb874bfe-media_image-e963065642e3409eac6e87f39cd9e74d.jpg?v=1779369555|https://cdn.shopify.com/s/files/1/0664/5288/1483/files/20260415191308-b4c05c09709b4512-media_image-b49f5e0ad3094a29a1d157198de3c359.jpg?v=1779369555,,S,,Not specified
URGE,"Product Description:

This exquisite Women's Eastern Ready to wear Kurta Set by Tehzeeb Libas is a true embodiment of grace and sophistication. Crafted in a soft tea rose pink shade, the slim-fit straight cut kurta features delicate tone-on-tone embroidery on the front and sleeves, with intricate embroidered borders along the hem. Paired with a solid trouser in lawn fabric and a chiffon dupatta with floral print, this 3-piece ensemble exudes elegance and modern style, perfect for various occasions. Elevate your wardrobe with URGE.

Color: Tea Rose Pink

Price Includes: 3 Piece

Fabric Detail:

Shirt: Lawn

Bottom: Lawn

Dupatta: Chiffon

Shipping Time: 7 Days

Disclaimer: Actual product color may vary slightly from the image.",5580,13950,Everyday Essentials,Tehzeeb Libas,PAK-URGE-S-0,267,https://cdn.shopify.com/s/files/1/0664/5288/1483/files/media_image-0ab10144963e4d24a24da3d71a605a6b.jpg?v=1780317659|https://cdn.shopify.com/s/files/1/0664/5288/1483/files/media_image-7d241d7032f946808d5cafe88643fc3c.jpg?v=1780317659|https://cdn.shopify.com/s/files/1/0664/5288/1483/files/media_image-26e7b23f70f441b98b18e69e105f392a.jpg?v=1780317659,,S,,Not specified
BLACK PEACOCK EMBROIDERED 3PC,"Product Description:

This exquisite Festive/Party Wear Kurta Set by Tehzeeb Libas combines elegance and style effortlessly. Crafted from luxurious lawn fabrics, the straight cut kurta features intricate peacock-inspired embroidery on the neckline and sleeves, exuding a regal charm. The slim-fit top pairs perfectly with the Flapper bottom, both adorned with delicate motifs and finished borders. The chiffon dupatta adds a graceful touch to this perfect summer wear ensemble, ideal for special occasions.

Color: Black

Price Includes: 3 Piece

Fabric Detail:

Shirt: Lawn

Bottom: Lawn

Dupatta: Chiffon

Shipping Time: 7 Days

Disclaimer: Actual product color may vary slightly from the image.",5580,14950,Luxury Lawn,Pak Libas,PAK-BPE3-S-0,326,https://cdn.shopify.com/s/files/1/0664/5288/1483/files/media_image-5b032a7f0f8043ff9254722c3a552b95.webp?v=1782809759|https://cdn.shopify.com/s/files/1/0664/5288/1483/files/media_image-86d973f047d7466999de9fc41e093fdc.webp?v=1782809759|https://cdn.shopify.com/s/files/1/0664/5288/1483/files/media_image-9eb0e71a20154a018c76f3bf4991acf8.webp?v=1782809759|https://cdn.shopify.com/s/files/1/0664/5288/1483/files/media_image-0d857c8639ac46de89c6462960fa415d.webp?v=1782809759|https://cdn.shopify.com/s/files/1/0664/5288/1483/files/media_image-5697705971e8418aa95df6fbff9f432f.webp?v=1782809759|https://cdn.shopify.com/s/files/1/0664/5288/1483/files/media_image-acf58375bc8a4f5eae71eb4720734fac.webp?v=1782809759,,S,,Not specified
NAZNEEN LAWN 3PC,"Product Description:

This exquisite Women's Eastern Ready to Wear 3-piece Kurta Set in blush pink is perfect for daily wear. The slim-fit long kurta features intricate white floral embroidery and lace detailing, paired with a chiffon dupatta with floral border embroidery. Complete with straight cotton trousers, this set from Tehzeeb Libas exudes elegance and charm. Elevate your summer wardrobe with this timeless ensemble.

Color: Blush Pink

Price Includes: 3 Piece

Fabric Detail:

Shirt: Cotton

Bottom: Cotton

Dupatta: Chiffon

Shipping Time: 7 Days

Disclaimer: Actual product color may vary slightly from the image.",4675,9900,Everyday Essentials,Tehzeeb Libas,PAK-NL3-S,129,https://cdn.shopify.com/s/files/1/0664/5288/1483/files/media_image-fb34403ea22f43b0a0e26ee2ec1e3e28_9fb09962-a185-4c0a-b4e5-c225dae774eb.jpg?v=1780316629|https://cdn.shopify.com/s/files/1/0664/5288/1483/files/media_image-4e8d14fa80ea400284f27c33bce29284_acd37692-771e-4b94-9dd8-1af655c5aad2.jpg?v=1780316629|https://cdn.shopify.com/s/files/1/0664/5288/1483/files/media_image-6ac292a370334ed68a57145875c2c5ca_c85ffcb4-5162-482b-b2c4-20e91934041c.jpg?v=1780316630|https://cdn.shopify.com/s/files/1/0664/5288/1483/files/media_image-b09fbbce701442d08a45c32c871bfbaa_cec5d1a7-489f-445f-b2be-13352e6b30ae.jpg?v=1780316629|https://cdn.shopify.com/s/files/1/0664/5288/1483/files/thumbnail_1.jpg?v=1780316629,,S,,Not specified
ROYAL EMBROIDERED 3PC,"Product Description:

This exquisite Festive Party Wear Kurta Set exudes elegance and sophistication. Crafted from luxurious teal linen, the straight-cut kurta boasts intricate gold embroidery on the neckline and sleeves, adding a touch of shimmer. Paired with Culottes trousers featuring elaborate floral embroidery, and a matching organza dupatta with delicate floral detailing, this ensemble is a vision of timeless beauty.

Color: Maroon

Price Includes: 3 Piece

Fabric Detail:

Shirt: Linen

Bottom: Linen

Dupatta: Chiffon

Shipping Time: 7 Days

Disclaimer: Actual product color may vary slightly from the image.",4921,14400,Festive Chiffon,Tehzeeb Libas,PAK-RE3-S-1,0,https://cdn.shopify.com/s/files/1/0664/5288/1483/files/media_image-e126367a0f364b8ba722d92bc864d1dd.jpg?v=1780322456|https://cdn.shopify.com/s/files/1/0664/5288/1483/files/media_image-7d18739b03194b9b92ab123c1ebfb2d3.jpg?v=1780322456|https://cdn.shopify.com/s/files/1/0664/5288/1483/files/media_image-8f69d9c2bd3847cdb8afc3bd714214c3.jpg?v=1780322455|https://cdn.shopify.com/s/files/1/0664/5288/1483/files/media_image-18d95874bdca4af3878fb658b1f89f79.jpg?v=1780322456|https://cdn.shopify.com/s/files/1/0664/5288/1483/files/media_image-cc86fc31c3c840bd9d07d516db87f336.jpg?v=1780322456,,S,,Not specified
PINK ROSE,"Product Description:

tep into summer with this beautifully refreshing pinkish rose outfit that perfectly blends simplicity with elegance. The soft, breathable kurta in a rich rose hue is designed with delicate lace detailing along the neckline and sleeves, adding a subtle touch of femininity and charm. Its relaxed silhouette ensures all-day comfort while keeping your look effortlessly polished.Paired with crisp white wide-leg trousers adorned with minimal floral prints, this ensemble creates a graceful contrast that feels light, airy, and perfect for warm days. The flowy cut enhances movement, giving a chic yet laid-back vibe.Ideal for casual outings, daytime gatherings, or everyday wear, this outfit is your go-to for staying stylish and comfortable all summer long.

Color: Hot Pink Red 

Price Includes: 2 Piece

Fabric Detail:

Shirt: Arabic Lawn

Bottom: Arabic Lawn

Shipping Time: 7 Days

Disclaimer: Actual product color may vary slightly from the image.",9900,9900,Everyday Essentials,Tehzeeb Libas,PAK-PR-S-1,213,https://cdn.shopify.com/s/files/1/0664/5288/1483/files/20260418143101-30e600e7cf314270-media_image-c0157804dab44eb7bf102eee1096b31a.jpg?v=1780493249|https://cdn.shopify.com/s/files/1/0664/5288/1483/files/20260418143101-d106de5aa1e74068-media_image-448b299c54fd43b0a6e4f460e4ebe11b.jpg?v=1780493249|https://cdn.shopify.com/s/files/1/0664/5288/1483/files/20260418143101-dee672c55bbc4c6f-media_image-55df3bbb993e4f8d970e64f3f638a8fd.jpg?v=1780493249|https://cdn.shopify.com/s/files/1/0664/5288/1483/files/20260418143102-6eb2aaa5cb1d4ac0-media_image-f80478734530464c9bc96438851c86a9.jpg?v=1780493249|https://cdn.shopify.com/s/files/1/0664/5288/1483/files/20260418143102-498ba9ed97884df2-media_image-23c18aaf07a14de5aaf2fc44078b6f32.jpg?v=1780493249,,S,,Not specified
ARFA EMBROIDERED 3PC,"Product Description:

ARFA – STITCHED 3PC Grace and tradition meet in Arfa, a monochrome dream crafted for timeless elegance. This 3-piece outfit blends sophisticated embroidery with a classic silhouette that never goes out of style. Includes: Stitched Kurta (Shirt) Stitched Trousers (Pants) Embroidered Chiffon Dupatta Details: Color: Soft ivory base with jet black embroidery Fabric: Likely lawn or cotton blend with chiffon dupatta Design: Heavily embroidered bodice and sleeves Delicate all-over motif embroidery on the front Intricate lace tassel detail at the neckline Trousers with coordinated hem embroidery Dupatta: Sheer black chiffon with rich threadwork and bordered edges Occasion: Ideal for formal brunches, Eid festivities, or graceful evening wear. Styling Tip: Pair with black heels, silver earrings, and a sleek hairstyle for a polished, statement look.

Color: White

Price Includes: 3 Piece

Fabric Detail:

Shirt: Lawn

Bottom: Lawn

Dupatta: Chiffon

Shipping Time: 7 Days

Disclaimer: Actual product color may vary slightly from the image.",4920,12300,Everyday Essentials,Tehzeeb Libas,PAK-AE3-S,2,https://cdn.shopify.com/s/files/1/0664/5288/1483/files/media_image-6fcd3e6d8f154673a51615d1227d8a37_73920eec-5ff9-468c-83f9-31c143af1957.webp?v=1782281012|https://cdn.shopify.com/s/files/1/0664/5288/1483/files/30bb9bfd-b9ae-4c13-b58d-92f0768f68d4-174889749368423_6c8ffe4e-b07d-46e0-89c8-6843b3f6e4f0.webp?v=1782281012|https://cdn.shopify.com/s/files/1/0664/5288/1483/files/media_image-3cae312010ff44a197227d2c12672ce9_d09402dc-4fd5-408e-8807-e24098d1f26b.webp?v=1782281012|https://cdn.shopify.com/s/files/1/0664/5288/1483/files/5df06402-a122-4bf2-a03d-7906965d2822-174889749399268_7d75b229-59a3-4a5a-acdb-109c1db1061d.webp?v=1782281012|https://cdn.shopify.com/s/files/1/0664/5288/1483/files/a1804fa3-95af-44ad-a188-d42f593d81a4-174889749463454_c591065f-120b-4b23-91fd-197b45db93bf.webp?v=1782281012,,S,,Not specified
SAFIRA EMBROIDERED 3PC,"Product Description:

This exquisite Festive Party Wear Kurta Set exudes elegance and sophistication. Crafted from luxurious teal linen, the straight-cut kurta boasts intricate gold embroidery on the neckline and sleeves, adding a touch of shimmer. Paired with Culottes trousers featuring elaborate floral embroidery, and a matching organza dupatta with delicate floral detailing, this ensemble is a vision of timeless beauty.

Color: Teal

Price Includes: 3 Piece

Fabric Detail:

Shirt: Lawn

Bottom: Lawn

Dupatta: Organza

Shipping Time: 7 Days

Disclaimer: Actual product color may vary slightly from the image.",4940,13650,Festive Chiffon,Tehzeeb Libas,PAK-SE3-S-5,68,https://cdn.shopify.com/s/files/1/0664/5288/1483/files/20260121160546-9ebb58e0e80f4959-media_image-483037c089fe42ecb764b8c54b394fa2.webp?v=1778495993|https://cdn.shopify.com/s/files/1/0664/5288/1483/files/20260121160546-eb2abcc0c5364826-media_image-e47268d53d3543388527bbc73445ca75.webp?v=1778495993|https://cdn.shopify.com/s/files/1/0664/5288/1483/files/20260121160547-0fabf30675be417d-media_image-e615b3c6598d4ab395874502218dd5d5.webp?v=1778495993|https://cdn.shopify.com/s/files/1/0664/5288/1483/files/20260121160539-234c18297a9c4557-media_image-59081d00119f43d789619b0bb666501c.webp?v=1778495993|https://cdn.shopify.com/s/files/1/0664/5288/1483/files/20260121160546-a40cfcd40e324fa2-media_image-f362c53d55d74bcab19ce30bc3651317.webp?v=1778495993|https://cdn.shopify.com/s/files/1/0664/5288/1483/files/20260121160548-fabd732b17794967-media_image-52c6077fabb748f285817e2f1a92ff09.webp?v=1778495992|https://cdn.shopify.com/s/files/1/0664/5288/1483/files/20260121160540-60a14b7cbd8a402c-media_image-938926b24b5544d891d4f3ed0f1a50fa.webp?v=1778495993|https://cdn.shopify.com/s/files/1/0664/5288/1483/files/20260121160545-673c3cad0db24530-media_image-b2a178e6615544d586782b35648a91d4.webp?v=1778495992,,S,,Not specified
LAAJ,"Product Description:

Grace meets simplicity in Laaj — a timeless black and white ensemble crafted for the modern woman who adores effortless elegance. The rich black shirt is beautifully adorned with delicate white embroidery on the neckline and sleeves, creating a striking contrast that speaks of sophistication and charm. Paired with a classic white shalwar finished with embroidered detailing, this outfit blends traditional aesthetics with contemporary grace.Perfect for summer gatherings, casual festive wear, and everyday elegance, Laaj offers comfort, style, and a refined eastern look all in one.Elegant Black Embroidered Shirt Classic White Shalwar with Detailed Borders Soft, Breathable & Comfortable FabricMinimal Yet Gracefully Traditional Tehzeeb Libas — Where Elegance Becomes Tradition.

Color: Black

Price Includes: 2 Piece

Fabric Detail:

Shirt: Lawn

Bottom:  Lawn

Shipping Time: 7 Days

Disclaimer: Actual product color may vary slightly from the image.",3915,9599,Everyday Essentials,Tehzeeb Libas,PAK-LAAJ-S-0,39,https://cdn.shopify.com/s/files/1/0664/5288/1483/files/20260514053451-16fdbad2a7644a3c-media_image-ce9bf590a2e0450099756227231c09bc.jpg?v=1781612455|https://cdn.shopify.com/s/files/1/0664/5288/1483/files/20260514053451-84136b91bbf844dd-media_image-685e47244a8e4b8c82f9b47bbdbbb194.jpg?v=1781612455|https://cdn.shopify.com/s/files/1/0664/5288/1483/files/20260514053511-51fb85995370406d-media_image-134a554479b54f62a5e85db1e429ba78.jpg?v=1781612410|https://cdn.shopify.com/s/files/1/0664/5288/1483/files/20260514053511-db4d1a51db674161-media_image-dabc7f62c9ef44fc89630418c5ace203.jpg?v=1781612410|https://cdn.shopify.com/s/files/1/0664/5288/1483/files/20260514053522-06b12b9f61de455b-media_image-fcb5a90df66f425185acdfa14632f032.jpg?v=1781612409|https://cdn.shopify.com/s/files/1/0664/5288/1483/files/20260514053532-5242d9ef456d442b-media_image-64b10b9e2c9f408297352dc1b91feb4f.jpg?v=1781612410|https://cdn.shopify.com/s/files/1/0664/5288/1483/files/20260514053552-5bc58ad2a7584594-media_image-b687c17bdc104f4b8fa86b9e6de1b46a.jpg?v=1781612409|https://cdn.shopify.com/s/files/1/0664/5288/1483/files/20260514053603-74b9b03acdca44c3-media_image-0a01c51c117a47478df21dd0e42effb0.jpg?v=1781612410,,S,,Not specified
RANGOON,"Product Description:

Turn heads with this effortlessly chic crimson kurta paired with playful heart-printed wide leg trousers — the perfect blend of elegance and fun. Crafted for comfort and style, this look features a graceful silhouette, soft breathable fabric, and delicate detailing on the sleeves and hem for a refined finish. Ideal for casual brunches, cozy gatherings, or relaxed festive days, this outfit brings a fresh charm to your everyday wardrobe with a touch of romance and modern sophistication.

Color:  Red 

Price Includes: 2 Piece

Fabric Detail:

Shirt: Arabic Lawn

Bottom: Arabic Lawn

Shipping Time: 7 Days

Disclaimer: Actual product color may vary slightly from the image.",2980,8350,Everyday Essentials,Tehzeeb Libas,PAK-RANGO-S-0,554,https://cdn.shopify.com/s/files/1/0664/5288/1483/files/20260507071802-d8746b714cf24d03-media_image-604f8c263286431da1308df0a79d99b6.jpg?v=1781613235|https://cdn.shopify.com/s/files/1/0664/5288/1483/files/20260507071804-124d02c1cd1e450b-media_image-7c53ba8e5a4b4b7dae66d85c36d1dddc.jpg?v=1781613234|https://cdn.shopify.com/s/files/1/0664/5288/1483/files/20260507071806-43f497675ec841a3-media_image-b39e925cb95f40b38b60b7585d684f9a.jpg?v=1781613234|https://cdn.shopify.com/s/files/1/0664/5288/1483/files/20260507071806-bc1106806eb64d6c-media_image-9c3abf23bbca417ea9cbf9e89b70635f.jpg?v=1781613197|https://cdn.shopify.com/s/files/1/0664/5288/1483/files/20260507071807-81eb368e47c2498c-media_image-f9ef00e07afa4134a9ffd1d075ec0bb6.jpg?v=1781613236|https://cdn.shopify.com/s/files/1/0664/5288/1483/files/20260507071807-e4e9486c906242d4-media_image-81c755324b7d48009f85979cb525ccf5.jpg?v=1781613234|https://cdn.shopify.com/s/files/1/0664/5288/1483/files/20260507071808-4ffc5c9589494c4c-media_image-b05eabf08b9546b2b00dbfd37c5c3db5.jpg?v=1781613234|https://cdn.shopify.com/s/files/1/0664/5288/1483/files/20260507071808-528c1306d45f4ced-media_image-f70bdf7f19444e83b53da1a4bd4a95ce.jpg?v=1781613234,,S,,Not specified
MAYAL,"Product Description:

This exquisite Daily/Basic Wear set from Tehzeeb Libas embodies earthy sophistication. The rich olive green linen kurta features intricate thread embroidery on the neckline, hem, and sleeves, with sparkling accents for a touch of festivity. The straight trouser complements the slim-fit design, while the chiffon dupatta adds elegance. Perfect for all season wear, this 3-piece set exudes traditional charm with a hint of glamouress elegance.

Color: Olive

Price Includes: 3 Piece

Fabric Detail:

Shirt: Lawn

Bottom: Lawn

Dupatta: Chiffon

Shipping Time: 7 Days

Disclaimer: Actual product color may vary slightly from the image.",4980,12200,Everyday Essentials,Tehzeeb Libas,PAK-MAYAL-S-0,196,https://cdn.shopify.com/s/files/1/0664/5288/1483/files/20260509070806-e21e93eb266344cf-media_image-5114a2df53dd4e27b69eafabfaf18dde.jpg?v=1781613808|https://cdn.shopify.com/s/files/1/0664/5288/1483/files/20260509070807-b9d2ddc631d04ed3-media_image-b73b7450e1164e01ba72a20b92a74d65.jpg?v=1781613809|https://cdn.shopify.com/s/files/1/0664/5288/1483/files/20260509070807-c42b5d5ce2dc4c99-media_image-c6110533d193438ba2e470812c82217a.jpg?v=1781613808|https://cdn.shopify.com/s/files/1/0664/5288/1483/files/20260509070808-09c90e4fdbe84711-media_image-796375f287ae4a50959d9fd7d935edb7.png?v=1781613809|https://cdn.shopify.com/s/files/1/0664/5288/1483/files/20260509070808-159829f6882f458d-media_image-be42aba17598404a91b4eb59bf54e502.jpg?v=1781613808,,S,,Not specified
CHAND EMBROIDERED 2PC,"Product Description:

Radiate timeless grace with Chand, a stunning ensemble designed to capture the beauty of classic eastern elegance. Drenched in a rich deep maroon hue, this sophisticated outfit is adorned with intricate ivory embroidery on the neckline, sleeves, and trousers — creating a luxurious look with refined traditional charm.Crafted from premium fabric with a graceful straight silhouette, Chand offers both comfort and sophistication, making it the perfect choice for festive gatherings, evening daawats, and elegant celebrations. The delicate detailing and regal color palette bring effortless beauty to every moment, ensuring you shine with understated glamour.

Color: Maroon

Price Includes: 2 Piece

Fabric Detail:

Shirt: Lawn

Bottom: Lawn

Shipping Time: 7 Days

Disclaimer: Actual product color may vary slightly from the image.",3940,10950,Everyday Essentials,Tehzeeb Libas,PAK-CE2-S-1,478,https://cdn.shopify.com/s/files/1/0664/5288/1483/files/20260507073231-b591228f53dc496e-media_image-87d9249074c04f9b9d8f7417fc736c0b.jpg?v=1781613880|https://cdn.shopify.com/s/files/1/0664/5288/1483/files/20260507073230-36cb6a3a9c414221-media_image-21a0e0181991444aafa2abde95484d65.jpg?v=1781613880|https://cdn.shopify.com/s/files/1/0664/5288/1483/files/20260507073231-2cf554b3075843ae-media_image-1fbfc4e62c0c4c67bc30d03448287753.jpg?v=1781613880|https://cdn.shopify.com/s/files/1/0664/5288/1483/files/20260507073231-890adb1eff894b12-media_image-8b0c73343fe0445f98e7168a4381ef4b.jpg?v=1781613867|https://cdn.shopify.com/s/files/1/0664/5288/1483/files/20260507073230-0a83e20e65644854-media_image-ef7cb7c77130402ca024a77f3a4fecfc.jpg?v=1781613880,,S,,Not specified
Noosh,"Product Description:

This exquisite Daily/Basic Wear Kurta Set in Apple Green is the perfect addition to your summer wardrobe. The Arabic Lawn fabrics ensure comfort, while the printed Short Kurta with slim-fit silhouette and Farshi Shalwar bottom add a touch of elegance. Ideal for any summer occasion. 

Color: Apple Green

Price Includes: 2 Piece

Fabric Detail:

Shirt: Lawn

Bottom: Lawn

Shipping Time: 7 Days

Disclaimer: Actual product color may vary slightly from the image.",2980,10950,Everyday Essentials,Tehzeeb Libas,PAK-NOOSH-S-0,325,https://cdn.shopify.com/s/files/1/0664/5288/1483/files/20260615103927-3fc64dc6d62647ed-media_image-215568c40454449fa4d95bca6c33ac6b.jpg?v=1782420236|https://cdn.shopify.com/s/files/1/0664/5288/1483/files/20260615103847-abf2855fe76f4e79-media_image-59be786d6d254037b39399eeb16ed325.jpg?v=1782420236|https://cdn.shopify.com/s/files/1/0664/5288/1483/files/20260615103920-b9ca2ff09b644f05-media_image-cf0073d5366345f582c3fc48b9d4e960.jpg?v=1782420232|https://cdn.shopify.com/s/files/1/0664/5288/1483/files/20260615103927-849c63c98bb34c44-media_image-ddafe44f65f34fbeb5dccea8e45232c4.jpg?v=1782420237,,S,,Not specified
EIRA,"Make a bold yet elegant statement with EIRA, a stunning ensemble from Tehzeeb Libas that celebrates the beauty of traditional craftsmanship. Crafted in a rich crimson red hue, this outfit is adorned with intricate ivory embroidery across the neckline, sleeves, and trousers, creating a sophisticated look that is perfect for every festive occasion.

Disclaimer:

Actual product color may vary slightly from the image.",3950,,Everyday Essentials,Tehzeeb Libas,PAK-EIRA-S-0,377,https://cdn.shopify.com/s/files/1/0664/5288/1483/files/IMG_2472_JPG.jpg?v=1783765388|https://cdn.shopify.com/s/files/1/0664/5288/1483/files/IMG_2464_JPG.jpg?v=1783765388|https://cdn.shopify.com/s/files/1/0664/5288/1483/files/IMG_2388_JPG.jpg?v=1783765389|https://cdn.shopify.com/s/files/1/0664/5288/1483/files/IMG_2467_JPG.jpg?v=1783765388|https://cdn.shopify.com/s/files/1/0664/5288/1483/files/IMG_2470_JPG.jpg?v=1783765388|https://cdn.shopify.com/s/files/1/0664/5288/1483/files/IMG_2468_JPG.jpg?v=1783765388|https://cdn.shopify.com/s/files/1/0664/5288/1483/files/IMG_2465_JPG.jpg?v=1783765388|https://cdn.shopify.com/s/files/1/0664/5288/1483/files/IMG_2469_JPG.jpg?v=1783765388|https://cdn.shopify.com/s/files/1/0664/5288/1483/files/IMG_2471_JPG.jpg?v=1783765388|https://cdn.shopify.com/s/files/1/0664/5288/1483/files/IMG_2463_JPG.jpg?v=1783765388|https://cdn.shopify.com/s/files/1/0664/5288/1483/files/IMG_2461_JPG.jpg?v=1783765388|https://cdn.shopify.com/s/files/1/0664/5288/1483/files/IMG_2473_JPG.jpg?v=1783765389|https://cdn.shopify.com/s/files/1/0664/5288/1483/files/IMG_2474_JPG.jpg?v=1783765388|https://cdn.shopify.com/s/files/1/0664/5288/1483/files/IMG_2460_JPG.jpg?v=1783765388|https://cdn.shopify.com/s/files/1/0664/5288/1483/files/IMG_2462_JPG.jpg?v=1783765388|https://cdn.shopify.com/s/files/1/0664/5288/1483/files/IMG_2466_JPG.jpg?v=1783765388,,s,red,Not specified
DILARA PURPLE HEART,"This exquisite Women's Eastern Ready to Wear Kurta Set in a vibrant Purple Heart color is a perfect addition to your summer wardrobe. The slim-fit straight-cut kurta features intricate embroidered work, while the farshi shalwar in lawn fabric adds a touch of elegance. Complete with a chiffon dupatta, this 3-piece set is ideal for daily wear. Embrace comfort and style with Tehzeeb Libas.

Disclaimer:

Actual product color may vary slightly from the image.",4950,12500,Everyday Essentials,Tehzeeb Libas,PAK-DPH-S-0,477,https://cdn.shopify.com/s/files/1/0664/5288/1483/files/DE6A253B-9290-492F-B2CD-5CE08BF7A57A.webp?v=1783767464|https://cdn.shopify.com/s/files/1/0664/5288/1483/files/00BE4726-7550-4F61-AE1E-614902D710EE.webp?v=1783767464|https://cdn.shopify.com/s/files/1/0664/5288/1483/files/82DE53FD-9C0C-456F-8CAD-64263FCF501D.webp?v=1783767464|https://cdn.shopify.com/s/files/1/0664/5288/1483/files/C0FCC8F7-C131-4293-A047-A4A5B1E19A7A.webp?v=1783767464|https://cdn.shopify.com/s/files/1/0664/5288/1483/files/35F5FA4D-A024-461B-9CBD-88040A0D9745.webp?v=1783767464,,s,purple,Not specified
DILARA,"This exquisite Women's Eastern Ready to wear Kurta Set is a true embodiment of elegance and comfort. The Top is a Slim-Fit Straight Cut Kurta crafted from soft Lawn fabric in a charming Tea Rose Pink hue, adorned with intricate embroidered details. Paired with Farshi Shalwar trousers in Lawn and a Chiffon Dupatta, this 3-piece ensemble exudes sophistication and grace. Perfect for daily wear during the summer season.

Disclaimer:

Actual product color may vary slightly from the image.",4950,12500,Everyday Essentials,Tehzeeb Libas,PAK-DILAR-S-0,511,https://cdn.shopify.com/s/files/1/0664/5288/1483/files/D87B454F-1D7A-4DEB-810F-30353E10D055_jpg.jpg?v=1783767773|https://cdn.shopify.com/s/files/1/0664/5288/1483/files/F4770BF7-9817-4132-AE36-0C5B13048236_jpg.jpg?v=1783767773|https://cdn.shopify.com/s/files/1/0664/5288/1483/files/68E24E92-3139-4C56-8A4A-A3A12EA25CE1_jpg.jpg?v=1783767773|https://cdn.shopify.com/s/files/1/0664/5288/1483/files/121BE211-E054-4EAC-A8AF-21FE9BB8FFE7_jpg.jpg?v=1783767773,,s,pink; dots,Not specified
ZEBA,"This exquisite Women's Daily Wear 3 Piece Kurta Set in Black is a summer essential. The Straight Cut Kurta features intricate Embroidery, while the Shirt and Trouser are made from lightweight Lawn fabric. The Farshi Shalwar adds a touch of elegance, and the Chiffon Dupatta completes the look. From Tehzeeb Libas.

Disclaimer: Actual product color may vary slightly from the image

.",4950,15500,Everyday Essentials,Tehzeeb Libas,PAK-ZEBA-S-0,345,https://cdn.shopify.com/s/files/1/0664/5288/1483/files/DSC01364.jpg?v=1785245792|https://cdn.shopify.com/s/files/1/0664/5288/1483/files/DSC01355_b73724ff-8ac5-4d5d-a84c-da84f7084795.jpg?v=1785245792|https://cdn.shopify.com/s/files/1/0664/5288/1483/files/DSC01360.jpg?v=1785245792|https://cdn.shopify.com/s/files/1/0664/5288/1483/files/DSC01368.jpg?v=1785245792|https://cdn.shopify.com/s/files/1/0664/5288/1483/files/DSC01369_86e97896-22d1-4ef6-a551-5b1c878ba527.jpg?v=1785245792|https://cdn.shopify.com/s/files/1/0664/5288/1483/files/DSC01372_d7aa1d8c-1d12-466a-b612-89716d3f2eda.jpg?v=1785245792|https://cdn.shopify.com/s/files/1/0664/5288/1483/files/DSC01373_0c6ff7a8-c8e1-4a41-b838-3346c16823a1.jpg?v=1785245792|https://cdn.shopify.com/s/files/1/0664/5288/1483/files/DSC01374_64847d05-5a51-447e-9b74-722006c38c09.jpg?v=1785245792|https://cdn.shopify.com/s/files/1/0664/5288/1483/files/DSC01375_b59c443b-f84c-42d8-9e66-07cbf8e8576a.jpg?v=1785245792|https://cdn.shopify.com/s/files/1/0664/5288/1483/files/DSC01376_453c80df-4cfc-4765-a120-003a5b75de32.jpg?v=1785245792,,s,geometric; black,Not specified
VICTORIA,"This exquisite Women's Eastern Ready to wear Kurta Set features a stunning Teal color perfect for summer. The Straight Cut Kurta showcases intricate Embroidery work, paired with Lawn Farshi Shalwar and Chiffon Dupatta. A 3-piece set with a Slim-Fit design, this ensemble from Tehzeeb Libas is a must-have for your wardrobe. Elevate your style effortlessly.

Disclaimer: Actual product color may vary slightly from the image.",4950,14950,Everyday Essentials,Tehzeeb Libas,PAK-VICTO-S-0,344,https://cdn.shopify.com/s/files/1/0664/5288/1483/files/DSC00574.jpg?v=1785245738|https://cdn.shopify.com/s/files/1/0664/5288/1483/files/DSC00563.jpg?v=1785245737|https://cdn.shopify.com/s/files/1/0664/5288/1483/files/DSC00530.jpg?v=1785245738|https://cdn.shopify.com/s/files/1/0664/5288/1483/files/DSC00534.jpg?v=1785245738|https://cdn.shopify.com/s/files/1/0664/5288/1483/files/DSC00542.jpg?v=1785245738|https://cdn.shopify.com/s/files/1/0664/5288/1483/files/DSC00550.jpg?v=1785245737,,s,floral; blue,Not specified
RUBY,"This exquisite Festive/Party Wear Kurta Set in a stunning Peach Orange hue exudes elegance and charm. The Straight Cut Kurta features intricate embroidery, complemented by a Slim-Fit Straight Trouser in Lawn fabric. The set is completed with a graceful Chiffon Dupatta, perfect for summer wear. Elevate your style with this 3-piece ensemble from Tehzeeb Libas.

Disclaimer: Actual product color may vary slightly from the image.",6975,15500,Festive Chiffon,Tehzeeb Libas,PAK-RUBY-S-0,465,https://cdn.shopify.com/s/files/1/0664/5288/1483/files/DSC01470.jpg?v=1785245699|https://cdn.shopify.com/s/files/1/0664/5288/1483/files/DSC01473_92ba3826-88bc-4239-a4f8-5d62073a7c58.jpg?v=1785245699|https://cdn.shopify.com/s/files/1/0664/5288/1483/files/DSC01477_62898c18-e437-4927-81f1-ea9e1e954cbc.jpg?v=1785245699|https://cdn.shopify.com/s/files/1/0664/5288/1483/files/DSC01479_1e9cfe18-7fb2-4ae1-8fcd-6fd2ecff0c07.jpg?v=1785245699|https://cdn.shopify.com/s/files/1/0664/5288/1483/files/DSC01483_3682098d-a625-4ade-b6b0-9acf08ce1f89.jpg?v=1785245700|https://cdn.shopify.com/s/files/1/0664/5288/1483/files/DSC01487_f6296555-f60b-4903-bd29-4d114a239349.jpg?v=1785245699|https://cdn.shopify.com/s/files/1/0664/5288/1483/files/DSC01493_9ee96fa8-a73f-4e94-81c8-2f838c679fae.jpg?v=1785245699|https://cdn.shopify.com/s/files/1/0664/5288/1483/files/DSC01495_456c3100-1cca-4042-a66c-cdf25a5a961b.jpg?v=1785245700|https://cdn.shopify.com/s/files/1/0664/5288/1483/files/DSC01497_55256075-11fa-4947-a668-547a04c00fd3.jpg?v=1785245699|https://cdn.shopify.com/s/files/1/0664/5288/1483/files/DSC01498_9e66a58f-e51a-45e7-a2f8-34807a9dee8e.jpg?v=1785245700|https://cdn.shopify.com/s/files/1/0664/5288/1483/files/DSC01500_55bcecd2-fb16-40e3-b83e-97c2d82dae73.jpg?v=1785245700|https://cdn.shopify.com/s/files/1/0664/5288/1483/files/DSC01503.jpg?v=1785245700,,s,floral; orange,Not specified
RIWAYAT,"This exquisite Women's Eastern Ready to Wear Kurta Set is the epitome of everyday elegance. Crafted from lightweight lawn fabrics in a charming peach pink hue, this 3-piece set features an embroidered straight-cut kurta with a slim-fit design, paired with a farshi shalwar in the same fabric. The chiffon dupatta adds a touch of grace to this summer wear ensemble. Elevate your daily look with this Tehzeeb Libas creation.

Disclaimer: Actual product color may vary slightly from the image.",4950,12500,Everyday Essentials,Tehzeeb Libas,PAK-RIWAY-S-0,386,https://cdn.shopify.com/s/files/1/0664/5288/1483/files/DSC00767.jpg?v=1785246562|https://cdn.shopify.com/s/files/1/0664/5288/1483/files/DSC00792.jpg?v=1785246563|https://cdn.shopify.com/s/files/1/0664/5288/1483/files/DSC00793_0495e398-4131-4321-99f5-2dfa91ca9538.jpg?v=1785246562|https://cdn.shopify.com/s/files/1/0664/5288/1483/files/DSC00794_9e430235-8114-41d2-aa2d-7c7007c9547b.jpg?v=1785246563|https://cdn.shopify.com/s/files/1/0664/5288/1483/files/DSC00800.jpg?v=1785246562|https://cdn.shopify.com/s/files/1/0664/5288/1483/files/DSC00802.jpg?v=1785246563|https://cdn.shopify.com/s/files/1/0664/5288/1483/files/FARISH_SHALWAR.png?v=1785840863,,s,floral; pink,Not specified
GUL-E-JAAN,"This exquisite Festive/Party Wear Kurta Set is a true summer essential. The navy blue Straight Cut Kurta features intricate embroidery, with a slim-fit design for a chic look. Paired with a straight Trouser in lawn fabric and a chiffon Dupatta, this 3-piece set exudes elegance. From Tehzeeb Libas.

Disclaimer: Actual product color may vary slightly from the image.",4950,12950,Festive Chiffon,Tehzeeb Libas,PAK-GUL-E-S-0,321,https://cdn.shopify.com/s/files/1/0664/5288/1483/files/DSC01316.jpg?v=1785245587|https://cdn.shopify.com/s/files/1/0664/5288/1483/files/DSC01326.jpg?v=1785245587|https://cdn.shopify.com/s/files/1/0664/5288/1483/files/DSC01331_14f3ee62-3c1d-4880-9038-f48f65970fb4.jpg?v=1785245587|https://cdn.shopify.com/s/files/1/0664/5288/1483/files/DSC01333.jpg?v=1785245587|https://cdn.shopify.com/s/files/1/0664/5288/1483/files/DSC01334_701e746e-900e-4cea-8559-d2b309d4728b.jpg?v=1785245587|https://cdn.shopify.com/s/files/1/0664/5288/1483/files/DSC01336_ee149556-fd66-440d-a2de-2a00ffabbe38.jpg?v=1785245587|https://cdn.shopify.com/s/files/1/0664/5288/1483/files/DSC01337_74d67117-646f-439b-bf92-9521fbd65986.jpg?v=1785245587|https://cdn.shopify.com/s/files/1/0664/5288/1483/files/DSC01338_8658ba0c-d51c-418b-90d5-5b76b87a8028.jpg?v=1785245587|https://cdn.shopify.com/s/files/1/0664/5288/1483/files/DSC01341.jpg?v=1785245587|https://cdn.shopify.com/s/files/1/0664/5288/1483/files/DSC01344.jpg?v=1785245587|https://cdn.shopify.com/s/files/1/0664/5288/1483/files/DSC01349.jpg?v=1785245587|https://cdn.shopify.com/s/files/1/0664/5288/1483/files/DSC01354.jpg?v=1785245587,,s,navy; floral; geometric,Not specified
FIRAQ,"This exquisite Festive/Party Wear Kurta Set in black features a straight cut Kurta with intricate embroidery work, paired with a slim-fit straight trouser in lawn fabric. The chiffon dupatta adds a touch of elegance to this 3-piece ensemble, perfect for summer wear. Elevate your style with this stunning creation from Tehzeeb Libas.

Disclaimer: Actual product color may vary slightly from the image.",6975,15500,Festive Chiffon,Tehzeeb Libas,PAK-FIRAQ-S-0,466,https://cdn.shopify.com/s/files/1/0664/5288/1483/files/DSC01020.jpg?v=1785246526|https://cdn.shopify.com/s/files/1/0664/5288/1483/files/DSC01030.jpg?v=1785246526|https://cdn.shopify.com/s/files/1/0664/5288/1483/files/DSC01034.jpg?v=1785246526|https://cdn.shopify.com/s/files/1/0664/5288/1483/files/DSC01039.jpg?v=1785246526|https://cdn.shopify.com/s/files/1/0664/5288/1483/files/DSC01042.jpg?v=1785246526|https://cdn.shopify.com/s/files/1/0664/5288/1483/files/DSC01044.jpg?v=1785246526|https://cdn.shopify.com/s/files/1/0664/5288/1483/files/DSC01052.jpg?v=1785246526|https://cdn.shopify.com/s/files/1/0664/5288/1483/files/DSC01054.jpg?v=1785246526|https://cdn.shopify.com/s/files/1/0664/5288/1483/files/DSC01060_3a1ce399-a2cc-4c78-b0ba-ccb5bc483cd9.jpg?v=1785246526|https://cdn.shopify.com/s/files/1/0664/5288/1483/files/DSC01067.jpg?v=1785246526,,s,black; geometric,Not specified
SHEHNAI,"This exquisite Festive/Party Wear Kurta Set in Pistachio Green features a Straight Cut Kurta with intricate Embroidery work. The set includes a Linen Straight Trouser and a Chiffon Dupatta, perfect for all seasons. The slim-fit top and elegant design make it a must-have ensemble for any occasion. (Brand: Tehzeeb Libas)

Disclaimer: Actual product color may vary slightly from the image.",6975,15500,Festive Chiffon,Tehzeeb Libas,PAK-SHEHN-S-0,490,https://cdn.shopify.com/s/files/1/0664/5288/1483/files/DSC01173.jpg?v=1785245351|https://cdn.shopify.com/s/files/1/0664/5288/1483/files/DSC01181.jpg?v=1785245351|https://cdn.shopify.com/s/files/1/0664/5288/1483/files/DSC01153_f4ee009b-8fa1-480e-827a-a22638b614ba.jpg?v=1785245351|https://cdn.shopify.com/s/files/1/0664/5288/1483/files/DSC01193.jpg?v=1785245351|https://cdn.shopify.com/s/files/1/0664/5288/1483/files/DSC01157.jpg?v=1785245351|https://cdn.shopify.com/s/files/1/0664/5288/1483/files/DSC01166_ac5e6959-8269-487b-a6c0-e566c5ef616b.jpg?v=1785245351|https://cdn.shopify.com/s/files/1/0664/5288/1483/files/DSC01168.jpg?v=1785245351|https://cdn.shopify.com/s/files/1/0664/5288/1483/files/DSC01188.jpg?v=1785245351|https://cdn.shopify.com/s/files/1/0664/5288/1483/files/DSC01195_c2f36d28-5119-481c-a323-559347def8cf.jpg?v=1785245351|https://cdn.shopify.com/s/files/1/0664/5288/1483/files/DSC01197_e7e182b0-0a4e-4bbf-8552-377748b3a08d.jpg?v=1785245351|https://cdn.shopify.com/s/files/1/0664/5288/1483/files/DSC01201_e1f589cb-07ed-4658-a790-8f4790ce4fd6.jpg?v=1785245351,,s,green; floral,Not specified
SOHA,"This exquisite Festive/Party Wear Kurta Set in stunning Bottle Green features intricate embroidered work on a straight cut kurta. Made from airy Lawn fabric, this 2-piece ensemble includes a slim-fit top and straight trouser in the same fabric, with a chiffon dupatta for added elegance. Perfect for summer wear, this Tehzeeb Libas creation is sure to turn heads.

Disclaimer: Actual product color may vary slightly from the image.",6975,16500,Festive Chiffon,Tehzeeb Libas,PAK-SOHA-S-0,238,https://cdn.shopify.com/s/files/1/0664/5288/1483/files/DSC00323.jpg?v=1785246484|https://cdn.shopify.com/s/files/1/0664/5288/1483/files/DSC00329.jpg?v=1785246484|https://cdn.shopify.com/s/files/1/0664/5288/1483/files/DSC00338_71ac4fbf-9bf3-4e74-b76f-c0051f7d33a7.jpg?v=1785246484|https://cdn.shopify.com/s/files/1/0664/5288/1483/files/DSC00345.jpg?v=1785246484|https://cdn.shopify.com/s/files/1/0664/5288/1483/files/DSC00358.jpg?v=1785246484|https://cdn.shopify.com/s/files/1/0664/5288/1483/files/DSC00360_f567a268-1f5f-43eb-9a9b-c5f1f37828a3.jpg?v=1785246484|https://cdn.shopify.com/s/files/1/0664/5288/1483/files/DSC00361_c705e6b2-3209-4a18-ac94-10addbc29d9d.jpg?v=1785246484|https://cdn.shopify.com/s/files/1/0664/5288/1483/files/DSC00368.jpg?v=1785246484|https://cdn.shopify.com/s/files/1/0664/5288/1483/files/DSC00374.jpg?v=1785246484|https://cdn.shopify.com/s/files/1/0664/5288/1483/files/DSC00386.jpg?v=1785246484|https://cdn.shopify.com/s/files/1/0664/5288/1483/files/DSC00389.jpg?v=1785246484|https://cdn.shopify.com/s/files/1/0664/5288/1483/files/DSC00392.jpg?v=1785246484|https://cdn.shopify.com/s/files/1/0664/5288/1483/files/DSC00403.jpg?v=1785246484|https://cdn.shopify.com/s/files/1/0664/5288/1483/files/DSC00408.jpg?v=1785246484|https://cdn.shopify.com/s/files/1/0664/5288/1483/files/DSC00429.jpg?v=1785246484,,s,floral; geometric; green,Not specified
URWA,"This exquisite Daily/Basic Wear Navy Blue Kurta Set is a summer must-have. The Straight Cut Kurta features intricate embroidery, while the Slim-Fit design adds a modern touch. Paired with a Lawn Trouser, this 2-piece set is perfect for any occasion. Elevate your style with Tehzeeb Libas.

Disclaimer: Actual product color may vary slightly from the image.",4275,10200,Everyday Essentials,Tehzeeb Libas,PAK-URWA-S-0,438,https://cdn.shopify.com/s/files/1/0664/5288/1483/files/DSC00972_03ec7825-4509-41e7-8314-a57141b4105a.jpg?v=1785246440|https://cdn.shopify.com/s/files/1/0664/5288/1483/files/DSC00976.jpg?v=1785246440|https://cdn.shopify.com/s/files/1/0664/5288/1483/files/DSC00979_4fd2dd3f-895c-4c2e-b0ba-23587082446f.jpg?v=1785246440|https://cdn.shopify.com/s/files/1/0664/5288/1483/files/DSC00988_f7fa62f0-4367-439e-98d2-56b427183764.jpg?v=1785246440|https://cdn.shopify.com/s/files/1/0664/5288/1483/files/DSC00991_ac84aeaa-86d4-4b81-823d-c9b15105fb22.jpg?v=1785246440|https://cdn.shopify.com/s/files/1/0664/5288/1483/files/DSC00997_90600ba8-c80c-4999-a3b3-08f16df6fdea.jpg?v=1785246440|https://cdn.shopify.com/s/files/1/0664/5288/1483/files/DSC00999.jpg?v=1785246440|https://cdn.shopify.com/s/files/1/0664/5288/1483/files/DSC01001.jpg?v=1785246440|https://cdn.shopify.com/s/files/1/0664/5288/1483/files/DSC01004.jpg?v=1785246440|https://cdn.shopify.com/s/files/1/0664/5288/1483/files/DSC01005_20ea3316-d0c3-4524-b517-6f90073c4f6f.jpg?v=1785246440|https://cdn.shopify.com/s/files/1/0664/5288/1483/files/DSC01006_531d83ff-0fd4-4843-a991-407f3eb6d755.jpg?v=1785246441|https://cdn.shopify.com/s/files/1/0664/5288/1483/files/DSC01010.jpg?v=1785246440|https://cdn.shopify.com/s/files/1/0664/5288/1483/files/DSC01014.jpg?v=1785246440,,s,dots; floral,Not specified
ISHQ,"This exquisite Festive/Party Wear 3-piece Kurta Set in sleek Black features a Straight Cut Kurta with intricate Embroidered detailing. The slim-fit design is crafted from high-quality Lawn fabrics with a matching Straight Trouser and a lightweight Chiffon Dupatta. Ideal for Summer Wear, this ensemble exudes elegance and style. Available from Tehzeeb Libas.

Disclaimer: Actual product color may vary slightly from the image.",7425,14500,Festive Chiffon,Tehzeeb Libas,PAK-ISHQ-S-0,484,https://cdn.shopify.com/s/files/1/0664/5288/1483/files/DSC00596_f8f654cf-2b8d-4f18-9262-a7dda78f917b.jpg?v=1785246397|https://cdn.shopify.com/s/files/1/0664/5288/1483/files/DSC00599.jpg?v=1785246397|https://cdn.shopify.com/s/files/1/0664/5288/1483/files/DSC00603_ec930d18-df8a-4efb-8699-0a47842681db.jpg?v=1785246397|https://cdn.shopify.com/s/files/1/0664/5288/1483/files/DSC00611.jpg?v=1785246397|https://cdn.shopify.com/s/files/1/0664/5288/1483/files/DSC00637.jpg?v=1785246397|https://cdn.shopify.com/s/files/1/0664/5288/1483/files/DSC00672.jpg?v=1785246397|https://cdn.shopify.com/s/files/1/0664/5288/1483/files/DSC00676.jpg?v=1785246397|https://cdn.shopify.com/s/files/1/0664/5288/1483/files/IMG_8763.jpg?v=1787568462|https://cdn.shopify.com/s/files/1/0664/5288/1483/files/IMG_8819.jpg?v=1787568462|https://cdn.shopify.com/s/files/1/0664/5288/1483/files/IMG_8821.jpg?v=1787568462|https://cdn.shopify.com/s/files/1/0664/5288/1483/files/LONG_DRESS.png?v=1785840423,,s,floral; black,Not specified
ELAAN,"This exquisite Festive/Party Wear Kurta Set in salmon pink features a Straight Cut Kurta with embroidered detailing. The set includes a Plazzo bottom and a chiffon dupatta, perfect for summer wear. The slim-fit top and lawn fabrics ensure a luxurious feel. Elevate your style with this 3-piece ensemble from Tehzeeb Libas.

Disclaimer: Actual product color may vary slightly from the image.",6975,15500,Festive Chiffon,Tehzeeb Libas,PAK-ELAAN-S-0,198,https://cdn.shopify.com/s/files/1/0664/5288/1483/files/DSC00261.jpg?v=1785245312|https://cdn.shopify.com/s/files/1/0664/5288/1483/files/DSC00266.jpg?v=1785245312|https://cdn.shopify.com/s/files/1/0664/5288/1483/files/DSC00273.jpg?v=1785245312|https://cdn.shopify.com/s/files/1/0664/5288/1483/files/DSC00281_baebf659-f93c-4752-becf-928691f673cd.jpg?v=1785245312|https://cdn.shopify.com/s/files/1/0664/5288/1483/files/DSC00283_be810ed7-68d4-4ecd-ad86-9b667e9f8e29.jpg?v=1785245312|https://cdn.shopify.com/s/files/1/0664/5288/1483/files/DSC00285.jpg?v=1785245312|https://cdn.shopify.com/s/files/1/0664/5288/1483/files/DSC00287_18be1a3e-1543-4e98-8bb0-1ed837f8c4fb.jpg?v=1785245312|https://cdn.shopify.com/s/files/1/0664/5288/1483/files/DSC00289.jpg?v=1785245312|https://cdn.shopify.com/s/files/1/0664/5288/1483/files/DSC00313.jpg?v=1785245312|https://cdn.shopify.com/s/files/1/0664/5288/1483/files/DSC00316.jpg?v=1785245312|https://cdn.shopify.com/s/files/1/0664/5288/1483/files/LONG_DRESS.png?v=1785840423,,s,floral; pink,Not specified
WAREESHA,"This exquisite Festive/Party Wear Kurta Set is a must-have for your summer wardrobe. The Straight Cut Kurta in Bottle Green Lawn fabric features stunning embroidered work, while the Slim-Fit Straight Trouser in Lawn complements the ensemble perfectly. Complete the look with the Chiffon Dupatta for a touch of elegance. From Tehzeeb Libas.

Disclaimer: Actual product color may vary slightly from the image.",6975,15500,Festive Chiffon,Tehzeeb Libas,PAK-WAREE-S-0,455,https://cdn.shopify.com/s/files/1/0664/5288/1483/files/DSC01415.jpg?v=1785245253|https://cdn.shopify.com/s/files/1/0664/5288/1483/files/DSC01420.jpg?v=1785245253|https://cdn.shopify.com/s/files/1/0664/5288/1483/files/DSC01422_d734c1eb-dc06-440d-887e-41e273806b93.jpg?v=1785245253|https://cdn.shopify.com/s/files/1/0664/5288/1483/files/DSC01425.jpg?v=1785245253|https://cdn.shopify.com/s/files/1/0664/5288/1483/files/DSC01428_1fa49a85-fe18-417d-8a40-e0b60b43e497.jpg?v=1785245253|https://cdn.shopify.com/s/files/1/0664/5288/1483/files/DSC01431.jpg?v=1785245253|https://cdn.shopify.com/s/files/1/0664/5288/1483/files/DSC01432_2d192dd2-f282-4b29-828a-e6ef47cf91cf.jpg?v=1785245254|https://cdn.shopify.com/s/files/1/0664/5288/1483/files/DSC01433_f43acd7a-3c9f-4991-bf51-723d80e3528f.jpg?v=1785245253|https://cdn.shopify.com/s/files/1/0664/5288/1483/files/DSC01435_c295dfbb-5ebb-43c9-b3f4-0fe59742818e.jpg?v=1785245253|https://cdn.shopify.com/s/files/1/0664/5288/1483/files/DSC01437_af078909-a1df-47e9-852a-84cc3ff78686.jpg?v=1785245253|https://cdn.shopify.com/s/files/1/0664/5288/1483/files/DSC01440_4150233c-49c5-4193-8849-860bdac6bcad.jpg?v=1785245253,,s,green; geometric,Not specified
ISHQ W,"This exquisite Daily/Basic Wear Kurta Set exudes elegance with its Cream color palette and embroidered detailing. The Straight Cut Kurta in lawn fabric features a slim-fit design, paired with a straight Trouser in lawn fabric and a Chiffon Dupatta. Perfect for summer wear, this 3-piece set from Tehzeeb Libas radiates sophistication without compromising comfort.

Disclaimer: Actual product color may vary slightly from the image.",7425,14500,Festive Chiffon,Tehzeeb Libas,PAK-IW-S-0,540,https://cdn.shopify.com/s/files/1/0664/5288/1483/files/DSC00950_87bfebbd-98c0-4a1e-92f5-c0cd7199ee28.jpg?v=1785245133|https://cdn.shopify.com/s/files/1/0664/5288/1483/files/DSC00965_97f683d7-1620-4ed9-aa5b-a475877d4164.jpg?v=1785245133|https://cdn.shopify.com/s/files/1/0664/5288/1483/files/DSC00938_3363c1a5-37ab-47fa-8284-1907d5fe916f.jpg?v=1785245133|https://cdn.shopify.com/s/files/1/0664/5288/1483/files/DSC00947_a5a53d10-596c-493e-b741-b978d926f2af.jpg?v=1785245133|https://cdn.shopify.com/s/files/1/0664/5288/1483/files/DSC00951.jpg?v=1785245133|https://cdn.shopify.com/s/files/1/0664/5288/1483/files/DSC00928.jpg?v=1785245133|https://cdn.shopify.com/s/files/1/0664/5288/1483/files/DSC00929_1dfc93bc-0179-40d7-a85d-4605d67185d2.jpg?v=1785245133|https://cdn.shopify.com/s/files/1/0664/5288/1483/files/DSC00930.jpg?v=1785245134|https://cdn.shopify.com/s/files/1/0664/5288/1483/files/DSC00933.jpg?v=1785245133|https://cdn.shopify.com/s/files/1/0664/5288/1483/files/DSC00934.jpg?v=1785245133|https://cdn.shopify.com/s/files/1/0664/5288/1483/files/DSC00935_63501165-877b-41e6-bc26-d13b8db78777.jpg?v=1785245133|https://cdn.shopify.com/s/files/1/0664/5288/1483/files/DSC00956.jpg?v=1785245133|https://cdn.shopify.com/s/files/1/0664/5288/1483/files/DSC00958_f433e641-e4b2-4ccc-8ef7-a9432acb4754.jpg?v=1785245133|https://cdn.shopify.com/s/files/1/0664/5288/1483/files/DSC00962.jpg?v=1785245133|https://cdn.shopify.com/s/files/1/0664/5288/1483/files/LONG_DRESS.png?v=1785840423,,s,floral; beige,Not specified
DILKASH,"This elegant Daily Wear Kurta Set from Tehzeeb Libas is perfect for summer occasions. The Straight Cut Kurta in Lawn fabric features intricate embroidery work, complemented by the Straight Trouser in Lawn fabric. The Chiffon Dupatta adds a touch of grace to this 3-piece ensemble. Upgrade your wardrobe with this Slim-Fit set.

Disclaimer: Actual product color may vary slightly from the image.",5940,12000,Everyday Essentials,Tehzeeb Libas,PAK-DILKA-S-0,494,https://cdn.shopify.com/s/files/1/0664/5288/1483/files/DSC01398_e2dd9d46-fa0d-48be-9d52-0ef9750abcd2.jpg?v=1785245030|https://cdn.shopify.com/s/files/1/0664/5288/1483/files/DSC01387_ac15d0ce-2b99-44e5-a351-63e001bebce4.jpg?v=1785245029|https://cdn.shopify.com/s/files/1/0664/5288/1483/files/DSC01392.jpg?v=1785245030|https://cdn.shopify.com/s/files/1/0664/5288/1483/files/DSC01395_43c6b86f-30ad-4f72-ac17-20e5c654dfcd.jpg?v=1785245029|https://cdn.shopify.com/s/files/1/0664/5288/1483/files/DSC01400.jpg?v=1785245029|https://cdn.shopify.com/s/files/1/0664/5288/1483/files/DSC01402_12a6f49b-79c9-4980-9f3c-98befffa8cd3.jpg?v=1785245029|https://cdn.shopify.com/s/files/1/0664/5288/1483/files/DSC01404_3d177dd4-7026-4958-a9d1-fe5fae473d38.jpg?v=1785245029|https://cdn.shopify.com/s/files/1/0664/5288/1483/files/DSC01405_54bceb61-856c-463c-b355-bfa2ec7ce4c2.jpg?v=1785245029|https://cdn.shopify.com/s/files/1/0664/5288/1483/files/DSC01406_b87d1201-6a0f-425a-bef6-751df00e1722.jpg?v=1785245029|https://cdn.shopify.com/s/files/1/0664/5288/1483/files/DSC01407_0c956f41-32cf-4da6-b383-2c9e71425cee.jpg?v=1785245029|https://cdn.shopify.com/s/files/1/0664/5288/1483/files/DSC01409_b292a9ac-51f8-4592-96eb-af7e1fc49531.jpg?v=1785245029|https://cdn.shopify.com/s/files/1/0664/5288/1483/files/DSC01412_c9f6c4d8-921c-461d-9546-1a0b8b7cd44d.jpg?v=1785245029,,s,floral; white; geometric,Not specified
DILRUBA,"This exquisite Kurta Set is a must-have for your summer wardrobe. Crafted from airy lawn fabric in an elegant off-white hue, the Straight Cut Kurta features intricate embroidery for a touch of sophistication. Paired with a slim-fit Straight Trouser in the same fabric, this 2-piece set is perfect for daily wear. Elevate your style with Tehzeeb Libas.

Disclaimer: Actual product color may vary slightly from the image.",4275,10500,Everyday Essentials,Tehzeeb Libas,PAK-DILRU-S-0,446,https://cdn.shopify.com/s/files/1/0664/5288/1483/files/DSC01225_ab9ae844-d511-4621-8be5-9e442e95c39f.jpg?v=1785246353|https://cdn.shopify.com/s/files/1/0664/5288/1483/files/DSC01228.jpg?v=1785246353|https://cdn.shopify.com/s/files/1/0664/5288/1483/files/DSC01231.jpg?v=1785246353|https://cdn.shopify.com/s/files/1/0664/5288/1483/files/DSC01234.jpg?v=1785246353|https://cdn.shopify.com/s/files/1/0664/5288/1483/files/DSC01241.jpg?v=1785246353|https://cdn.shopify.com/s/files/1/0664/5288/1483/files/DSC01242.jpg?v=1785246353|https://cdn.shopify.com/s/files/1/0664/5288/1483/files/DSC01243.jpg?v=1785246353|https://cdn.shopify.com/s/files/1/0664/5288/1483/files/DSC01245_e3f64f3a-f317-44fc-8f10-8e6d69125e0f.jpg?v=1785246353|https://cdn.shopify.com/s/files/1/0664/5288/1483/files/DSC01246_b29130d9-8ae2-4ceb-ba91-f7adca695b4e.jpg?v=1785246353|https://cdn.shopify.com/s/files/1/0664/5288/1483/files/DSC01251_41cb6df1-6a23-4ce1-8b78-3b3f63508dd5.jpg?v=1785246353|https://cdn.shopify.com/s/files/1/0664/5288/1483/files/DSC01255_84590e1c-3d44-4565-a4cc-d774067be9ff.jpg?v=1785246353|https://cdn.shopify.com/s/files/1/0664/5288/1483/files/DSC01276.jpg?v=1785246353|https://cdn.shopify.com/s/files/1/0664/5288/1483/files/SHORT_WITH_PLAZO.png?v=1785842389,,s,geometric; floral,Not specified
BLACK ROLL,"This exquisite women's Daily Wear Kurta Set in sleek Black features a Straight Cut Kurta with delicate Embroidery detailing. The set includes a Slim-Fit Top in lawn fabric and a matching Straight Trouser in lawn fabric. Perfect for summer wear, this 2-piece ensemble exudes elegance and style. Elevate your wardrobe with this chic creation by Tehzeeb Libas.

Disclaimer: Actual product color may vary slightly from the image.",4275,10500,Everyday Essentials,Tehzeeb Libas,PAK-BR-S-0,370,https://cdn.shopify.com/s/files/1/0664/5288/1483/files/DSC01303.jpg?v=1785246313|https://cdn.shopify.com/s/files/1/0664/5288/1483/files/DSC01287_2d828681-5816-4e3d-9134-21cb03653325.jpg?v=1785246313|https://cdn.shopify.com/s/files/1/0664/5288/1483/files/DSC01289_f69c505d-a5d0-4e99-a044-a7287b04cf21.jpg?v=1785246313|https://cdn.shopify.com/s/files/1/0664/5288/1483/files/DSC01292_4d5501f4-d0ce-4559-a95b-b7513ff9b244.jpg?v=1785246313|https://cdn.shopify.com/s/files/1/0664/5288/1483/files/DSC01296.jpg?v=1785246313|https://cdn.shopify.com/s/files/1/0664/5288/1483/files/DSC01299_30c1345e-9fe9-455a-85ce-3f91bea1701b.jpg?v=1785246313|https://cdn.shopify.com/s/files/1/0664/5288/1483/files/DSC01300_7462dc3b-b427-4e8b-b392-0f61063cdc0d.jpg?v=1785246313|https://cdn.shopify.com/s/files/1/0664/5288/1483/files/DSC01301_a80c2859-e71d-412d-89bd-d35ced37e5b9.jpg?v=1785246313|https://cdn.shopify.com/s/files/1/0664/5288/1483/files/DSC01302_aae56ba5-f86f-47cc-9b70-196458ec8cae.jpg?v=1785246313|https://cdn.shopify.com/s/files/1/0664/5288/1483/files/DSC01307_bc4e1ec1-5d55-46fd-8e14-136065040173.jpg?v=1785246313|https://cdn.shopify.com/s/files/1/0664/5288/1483/files/DSC01308_f376a49a-5f66-4aed-ba8d-93f1914bba34.jpg?v=1785246313|https://cdn.shopify.com/s/files/1/0664/5288/1483/files/DSC01310.jpg?v=1785246313|https://cdn.shopify.com/s/files/1/0664/5288/1483/files/DSC01312.jpg?v=1785246313|https://cdn.shopify.com/s/files/1/0664/5288/1483/files/SHORT_WITH_PLAZO.png?v=1785842389,,s,floral; black; geometric,Not specified
ANCHAL,"This exquisite Kurta Set includes a black Straight Cut Kurta and Straight Trouser, perfect for daily wear. Crafted from lightweight Lawn fabrics, the Slim-Fit Kurta features intricate embroidered details, while the Trouser adds a touch of elegance. Ideal for summer, this 2-piece set is a must-have from Tehzeeb Libas.

Disclaimer: Actual product color may vary slightly from the image.",3996,9500,Everyday Essentials,Tehzeeb Libas,PAK-ANCHA-S-0,333,https://cdn.shopify.com/s/files/1/0664/5288/1483/files/DSC01096_2f3dbde1-9e66-460d-bc86-3985249b4d31.jpg?v=1785246254|https://cdn.shopify.com/s/files/1/0664/5288/1483/files/DSC01102_9945bcae-dff0-4b4a-b32b-27bb7d81849f.jpg?v=1785246255|https://cdn.shopify.com/s/files/1/0664/5288/1483/files/DSC01104_22a5e6ad-368a-40e8-a024-d974f0279144.jpg?v=1785246254|https://cdn.shopify.com/s/files/1/0664/5288/1483/files/DSC01107.jpg?v=1785246254|https://cdn.shopify.com/s/files/1/0664/5288/1483/files/DSC01109_9f896d6c-907a-4d09-af40-44f882c49bc1.jpg?v=1785246255|https://cdn.shopify.com/s/files/1/0664/5288/1483/files/DSC01112.jpg?v=1785246255|https://cdn.shopify.com/s/files/1/0664/5288/1483/files/DSC01120_c7615688-6ecd-4a2f-91da-7047e6f2b074.jpg?v=1785246254|https://cdn.shopify.com/s/files/1/0664/5288/1483/files/DSC01142.jpg?v=1785246254|https://cdn.shopify.com/s/files/1/0664/5288/1483/files/DSC01149.jpg?v=1785246254,,s,black,Not specified
AIZA,"This exquisite Daily/Basic Wear Kurta Set in black offers a sleek and sophisticated look for your summer wardrobe. The Straight Cut Kurta features delicate embroidery, while the Straight Trouser in lawn fabric adds a touch of elegance. Perfect for any occasion, this 2-piece set is a must-have from Tehzeeb Libas.

Disclaimer: Actual product color may vary slightly from the image.",3325,10500,Everyday Essentials,Tehzeeb Libas,PAK-AIZA-S-0,329,https://cdn.shopify.com/s/files/1/0664/5288/1483/files/DSC00888.jpg?v=1785246027|https://cdn.shopify.com/s/files/1/0664/5288/1483/files/DSC00892_edeec67e-5ba2-4b46-9d5e-2417f0b4602a.jpg?v=1785246027|https://cdn.shopify.com/s/files/1/0664/5288/1483/files/DSC00907.jpg?v=1785246027|https://cdn.shopify.com/s/files/1/0664/5288/1483/files/DSC00853.jpg?v=1785246027|https://cdn.shopify.com/s/files/1/0664/5288/1483/files/DSC00899.jpg?v=1785246026|https://cdn.shopify.com/s/files/1/0664/5288/1483/files/DSC00856.jpg?v=1785246027|https://cdn.shopify.com/s/files/1/0664/5288/1483/files/DSC00903.jpg?v=1785246027|https://cdn.shopify.com/s/files/1/0664/5288/1483/files/DSC00905.jpg?v=1785246027|https://cdn.shopify.com/s/files/1/0664/5288/1483/files/DSC00908.jpg?v=1785246027|https://cdn.shopify.com/s/files/1/0664/5288/1483/files/DSC00914.jpg?v=1785246027|https://cdn.shopify.com/s/files/1/0664/5288/1483/files/DSC00918_b5c4ab54-06d7-4f30-a523-2f7832e693b3.jpg?v=1785246027,,s,geometric; black; floral,Not specified
SABA,"This elegant Daily/Basic Wear Kurta Set features a slim-fit Straight Cut Kurta in a rich Maroon color. The intricate embroidered work technique adds a touch of sophistication to the Lawn fabric. Paired with a matching Farshi Shalwar in Lawn, this 2-piece ensemble is perfect for summer wear. Elevate your wardrobe with this exquisite creation from Tehzeeb Libas.

Disclaimer: Actual product color may vary slightly from the image.",4275,,Everyday Essentials,Tehzeeb Libas,PAK-SABA-S-0,393,https://cdn.shopify.com/s/files/1/0664/5288/1483/files/IMG_1877_0c48187a-b739-4dc3-86f2-7bd360b6ee3f.jpg?v=1786174020|https://cdn.shopify.com/s/files/1/0664/5288/1483/files/IMG_1892_de27f491-7152-450c-9813-fc6d5e3fbcc9.jpg?v=1786174020|https://cdn.shopify.com/s/files/1/0664/5288/1483/files/IMG_1891_f729c4b3-18db-41bf-bdd8-3f732c63e787.jpg?v=1786174020|https://cdn.shopify.com/s/files/1/0664/5288/1483/files/IMG_1887_ebc0d6f9-9791-4a6e-8915-3c243febd949.jpg?v=1786174020|https://cdn.shopify.com/s/files/1/0664/5288/1483/files/IMG_1878_a2ef1ecb-2a38-44e4-90ce-e0b2d502887c.jpg?v=1786174020|https://cdn.shopify.com/s/files/1/0664/5288/1483/files/IMG_1893_6cc29918-3320-4fef-9df8-3efa5adb788e.jpg?v=1786174019|https://cdn.shopify.com/s/files/1/0664/5288/1483/files/IMG_1894_4f2ff763-8890-4cb6-a70a-b30f695b39ac.jpg?v=1786174020|https://cdn.shopify.com/s/files/1/0664/5288/1483/files/IMG_1895_6a08bdb9-68bc-455c-96ea-2cf7b8073961.jpg?v=1786174020|https://cdn.shopify.com/s/files/1/0664/5288/1483/files/IMG_4325_jpg.jpg?v=1784626590|https://cdn.shopify.com/s/files/1/0664/5288/1483/files/FARISH_SHALWAR.png?v=1785840863,,s,red,Not specified
ANARKALI EMBROIDERED 3PC,"This exquisite Festive/Party Wear 3 Piece Kurta Set in Olive Green is a summer must-have. The Straight Cut Kurta features intricate embroidery, while the Straight Trouser and Chiffon Dupatta complete the look. The slim-fit silhouette and lawn fabrics ensure a comfortable and stylish ensemble. Elevate your festive wardrobe with this stunning set from Tehzeeb Libas.

Disclaimer: Actual product color may vary slightly from the image.",5940,15500,Festive Chiffon,Tehzeeb Libas,PAK-AE3-S-3,212,https://cdn.shopify.com/s/files/1/0664/5288/1483/files/DSC00690_0c93cb25-5eae-4e57-bbea-55fc8c44ef70.jpg?v=1785245984|https://cdn.shopify.com/s/files/1/0664/5288/1483/files/DSC00702.jpg?v=1785245984|https://cdn.shopify.com/s/files/1/0664/5288/1483/files/DSC00705_948ca813-ba8c-4c7a-b327-459a4e2f09d4.jpg?v=1785245984|https://cdn.shopify.com/s/files/1/0664/5288/1483/files/DSC00707.jpg?v=1785245984|https://cdn.shopify.com/s/files/1/0664/5288/1483/files/DSC00711_02b7c0e0-fcb1-4e85-85b1-f0b30293a4b2.jpg?v=1785245984|https://cdn.shopify.com/s/files/1/0664/5288/1483/files/DSC00714.jpg?v=1785245984|https://cdn.shopify.com/s/files/1/0664/5288/1483/files/DSC00719_0ff86178-2962-4b3c-90b2-dfb04e66a374.jpg?v=1785245984|https://cdn.shopify.com/s/files/1/0664/5288/1483/files/DSC00722.jpg?v=1785245984|https://cdn.shopify.com/s/files/1/0664/5288/1483/files/DSC00731.jpg?v=1785245984|https://cdn.shopify.com/s/files/1/0664/5288/1483/files/DSC00747_652bef2f-c056-4129-b404-ff3a07453591.jpg?v=1785245984|https://cdn.shopify.com/s/files/1/0664/5288/1483/files/DSC00749.jpg?v=1785245984,,s,floral; green,Not specified
DILARA BLACK,"This exquisite Women's Daily/Basic Wear 3 Piece Kurta Set features a Slim-Fit Straight Cut Kurta in Black Lawn fabric with embroidered detailing. The Farshi Shalwar and Chiffon Dupatta add a touch of elegance, perfect for summer wear. Elevate your style with this chic ensemble from Tehzeeb Libas.

Disclaimer: Actual product color may vary slightly from the image.",4950,,Everyday Essentials,Tehzeeb Libas,PAK-DB-S-0,340,https://cdn.shopify.com/s/files/1/0664/5288/1483/files/420FB1AE-5207-439F-8EC0-66F3CF251421_jpg.jpg?v=1784627051|https://cdn.shopify.com/s/files/1/0664/5288/1483/files/237359D9-4ABE-42EA-96BF-D1D32CFF307A_jpg.jpg?v=1784627051|https://cdn.shopify.com/s/files/1/0664/5288/1483/files/88AE403F-3EE7-42A9-83A4-4F98F8B5D4F2_jpg.jpg?v=1784627051|https://cdn.shopify.com/s/files/1/0664/5288/1483/files/6F3EFA2C-C950-4A18-A343-88E914032BC8_jpg.jpg?v=1784627051|https://cdn.shopify.com/s/files/1/0664/5288/1483/files/971B5427-33BE-430A-96AB-8BD675311282_jpg.jpg?v=1784627051|https://cdn.shopify.com/s/files/1/0664/5288/1483/files/D5C0EB7C-85CA-44E1-89ED-A2042D2CF796_jpg.jpg?v=1784627051|https://cdn.shopify.com/s/files/1/0664/5288/1483/files/95F04B52-56BA-43A9-BDCA-DCB672E2A610_jpg.jpg?v=1784627051|https://cdn.shopify.com/s/files/1/0664/5288/1483/files/FARISH_SHALWAR.png?v=1785840863,,s,dots; black; floral,Not specified
MIRAAL EMBROIDERED 3PC,"This exquisite Festive/Party Wear Kurta Set features a slim-fit Straight Cut Kurta in sleek black Lawn fabric. The ensemble includes a Straight Trouser in Lawn and a Chiffon Dupatta, all delicately embroidered for a touch of elegance. Perfect for summer wear, this 3-piece set exudes sophistication. Brand: Tehzeeb Libas.

Disclaimer: Actual product color may vary slightly from the image.",5962,14250,Festive Chiffon,Tehzeeb Libas,PAK-ME3-S-6,324,https://cdn.shopify.com/s/files/1/0664/5288/1483/files/DSC01443.jpg?v=1785244986|https://cdn.shopify.com/s/files/1/0664/5288/1483/files/DSC01447.jpg?v=1785244986|https://cdn.shopify.com/s/files/1/0664/5288/1483/files/DSC01448.jpg?v=1785244986|https://cdn.shopify.com/s/files/1/0664/5288/1483/files/DSC01451.jpg?v=1785244986|https://cdn.shopify.com/s/files/1/0664/5288/1483/files/DSC01453.jpg?v=1785244986|https://cdn.shopify.com/s/files/1/0664/5288/1483/files/DSC01455.jpg?v=1785244986|https://cdn.shopify.com/s/files/1/0664/5288/1483/files/DSC01457.jpg?v=1785244986|https://cdn.shopify.com/s/files/1/0664/5288/1483/files/DSC01460.jpg?v=1785244986|https://cdn.shopify.com/s/files/1/0664/5288/1483/files/DSC01461.jpg?v=1785244986|https://cdn.shopify.com/s/files/1/0664/5288/1483/files/DSC01462.jpg?v=1785244986|https://cdn.shopify.com/s/files/1/0664/5288/1483/files/DSC01467.jpg?v=1785244986,,s,black,Not specified
ZIRWA,"This exquisite Women's Eastern Ready to Wear Kurta Set in Pine Green is a must-have for your summer wardrobe. The straight-cut kurta features intricate embroidery, while the farshi shalwar adds a touch of elegance. Made from lightweight lawn fabric, this 2-piece set is perfect for daily wear. From Tehzeeb Libas, this set offers a slim-fit top with no lining attached.

Disclaimer: Actual product color may vary slightly from the image.",4250,9500,Everyday Essentials,Tehzeeb Libas,PAK-ZIRWA-S-0,293,https://cdn.shopify.com/s/files/1/0664/5288/1483/files/IMG_6157_JPG.jpg?v=1784720823|https://cdn.shopify.com/s/files/1/0664/5288/1483/files/IMG_6151_JPG.jpg?v=1784720823|https://cdn.shopify.com/s/files/1/0664/5288/1483/files/IMG_6155_JPG.jpg?v=1784720823|https://cdn.shopify.com/s/files/1/0664/5288/1483/files/IMG_6161_JPG.jpg?v=1784720823|https://cdn.shopify.com/s/files/1/0664/5288/1483/files/IMG_6153_JPG.jpg?v=1784720823|https://cdn.shopify.com/s/files/1/0664/5288/1483/files/IMG_6150_JPG.jpg?v=1784720823|https://cdn.shopify.com/s/files/1/0664/5288/1483/files/IMG_6120_JPG.jpg?v=1784720823|https://cdn.shopify.com/s/files/1/0664/5288/1483/files/IMG_6159_JPG.jpg?v=1784720823|https://cdn.shopify.com/s/files/1/0664/5288/1483/files/IMG_6160_JPG.jpg?v=1784720823|https://cdn.shopify.com/s/files/1/0664/5288/1483/files/IMG_6118_JPG.jpg?v=1784720823|https://cdn.shopify.com/s/files/1/0664/5288/1483/files/IMG_6119_JPG.jpg?v=1784720823|https://cdn.shopify.com/s/files/1/0664/5288/1483/files/IMG_6154_JPG.jpg?v=1784720823|https://cdn.shopify.com/s/files/1/0664/5288/1483/files/IMG_6117_JPG.jpg?v=1784720823|https://cdn.shopify.com/s/files/1/0664/5288/1483/files/IMG_6158_JPG.jpg?v=1784720823|https://cdn.shopify.com/s/files/1/0664/5288/1483/files/IMG_6156_JPG.jpg?v=1784720823|https://cdn.shopify.com/s/files/1/0664/5288/1483/files/IMG_6116_JPG.jpg?v=1784720823|https://cdn.shopify.com/s/files/1/0664/5288/1483/files/IMG_6152_JPG.jpg?v=1784720823|https://cdn.shopify.com/s/files/1/0664/5288/1483/files/FARISH_SHALWAR.png?v=1785840863,,s,geometric; green; floral,Not specified
CREAM VILLA,"This elegant 2-piece kurta set in creamy hues is a must-have for your summer wardrobe. The straight cut kurta features exquisite embroidered detailing, while the slim-fit trousers in lawn fabric complete the look effortlessly. Perfect for daily wear, this Tehzeeb Libas ensemble exudes timeless charm.

Disclaimer: Actual product color may vary slightly from the image.",4275,10500,Everyday Essentials,Tehzeeb Libas,PAK-CV-S-0,199,https://cdn.shopify.com/s/files/1/0664/5288/1483/files/IMG_6132_JPG.jpg?v=1784808183|https://cdn.shopify.com/s/files/1/0664/5288/1483/files/IMG_6164_JPG.jpg?v=1784808183|https://cdn.shopify.com/s/files/1/0664/5288/1483/files/IMG_6147_JPG.jpg?v=1784808183|https://cdn.shopify.com/s/files/1/0664/5288/1483/files/IMG_6166_JPG.jpg?v=1784808183|https://cdn.shopify.com/s/files/1/0664/5288/1483/files/IMG_6135_JPG.jpg?v=1784808183|https://cdn.shopify.com/s/files/1/0664/5288/1483/files/IMG_6162_JPG.jpg?v=1784808182|https://cdn.shopify.com/s/files/1/0664/5288/1483/files/IMG_6129_JPG.jpg?v=1784808183|https://cdn.shopify.com/s/files/1/0664/5288/1483/files/IMG_6125_JPG.jpg?v=1784808183|https://cdn.shopify.com/s/files/1/0664/5288/1483/files/IMG_6126_JPG.jpg?v=1784808183|https://cdn.shopify.com/s/files/1/0664/5288/1483/files/IMG_6122_JPG.jpg?v=1784808182|https://cdn.shopify.com/s/files/1/0664/5288/1483/files/IMG_6124_JPG.jpg?v=1784808183|https://cdn.shopify.com/s/files/1/0664/5288/1483/files/IMG_6121_JPG.jpg?v=1784808183|https://cdn.shopify.com/s/files/1/0664/5288/1483/files/IMG_6131_JPG.jpg?v=1784808183|https://cdn.shopify.com/s/files/1/0664/5288/1483/files/IMG_6123_JPG.jpg?v=1784808183|https://cdn.shopify.com/s/files/1/0664/5288/1483/files/IMG_6130_JPG.jpg?v=1784808183|https://cdn.shopify.com/s/files/1/0664/5288/1483/files/IMG_6127_JPG.jpg?v=1784808183|https://cdn.shopify.com/s/files/1/0664/5288/1483/files/IMG_6128_JPG.jpg?v=1784808183|https://cdn.shopify.com/s/files/1/0664/5288/1483/files/SHORT_WITH_PLAZO.png?v=1785842389,,s,floral; beige,Not specified
AROOSH,"This exquisite Daily Wear 3-Piece Kurta Set in Yellow Green features a Straight Cut Kurta with intricate embroidery work. The Farshi Shalwar and Chiffon Dupatta add a touch of elegance. Perfect for summer seasons, this slim-fit ensemble from Tehzeeb Libas is a must-have.",3780,18000,Everyday Essentials,Tehzeeb Libas,PAK-AROOS-S-0,100,https://cdn.shopify.com/s/files/1/0664/5288/1483/files/WhatsAppImage2026-08-01at6.38.24PM.jpg?v=1785839274|https://cdn.shopify.com/s/files/1/0664/5288/1483/files/WhatsAppImage2026-08-01at6.38.23PM_1.jpg?v=1785839273|https://cdn.shopify.com/s/files/1/0664/5288/1483/files/WhatsAppImage2026-08-01at6.38.23PM.jpg?v=1785839273|https://cdn.shopify.com/s/files/1/0664/5288/1483/files/WhatsAppImage2026-08-01at6.38.22PM_1.jpg?v=1785839274|https://cdn.shopify.com/s/files/1/0664/5288/1483/files/WhatsAppImage2026-08-01at6.38.22PM.jpg?v=1785839273|https://cdn.shopify.com/s/files/1/0664/5288/1483/files/WhatsAppImage2026-08-01at6.38.21PM_1.jpg?v=1785839273|https://cdn.shopify.com/s/files/1/0664/5288/1483/files/WhatsAppImage2026-08-01at6.38.21PM.jpg?v=1785839273|https://cdn.shopify.com/s/files/1/0664/5288/1483/files/WhatsAppImage2026-08-01at6.38.20PM_1.jpg?v=1785839274|https://cdn.shopify.com/s/files/1/0664/5288/1483/files/WhatsAppImage2026-08-01at6.38.20PM.jpg?v=1785839273|https://cdn.shopify.com/s/files/1/0664/5288/1483/files/WhatsAppImage2026-08-01at6.38.19PM_1.jpg?v=1785839273|https://cdn.shopify.com/s/files/1/0664/5288/1483/files/WhatsAppImage2026-08-01at6.38.19PM.jpg?v=1785839273,,s,floral; yellow,Not specified
ZAVIYA,"This elegant Daily/Basic Wear kurta set in Pistachio Green features a Straight Cut Kurta with Tassel Work detailing. The set includes a Farshi Shalwar in Lawn fabric and a Chiffon Dupatta. Perfect for summer wear, this 3-piece ensemble exudes sophistication and style. From Tehzeeb Libas.

Disclaimer: Actual product color may vary slightly from the image.",3990,19000,Everyday Essentials,Tehzeeb Libas,PAK-ZAVIY-S-0,216,https://cdn.shopify.com/s/files/1/0664/5288/1483/files/rr__rah_20260804_16_jpg.jpg?v=1785844570|https://cdn.shopify.com/s/files/1/0664/5288/1483/files/rr__rah_20260804_13_jpg.jpg?v=1785844570|https://cdn.shopify.com/s/files/1/0664/5288/1483/files/rr__rah_20260804_17_jpg.jpg?v=1785844570|https://cdn.shopify.com/s/files/1/0664/5288/1483/files/rr__rah_20260804_10_jpg.jpg?v=1785844571|https://cdn.shopify.com/s/files/1/0664/5288/1483/files/rr__rah_20260804_12_jpg.jpg?v=1785844570|https://cdn.shopify.com/s/files/1/0664/5288/1483/files/rr__rah_20260804_14_jpg.jpg?v=1785844571|https://cdn.shopify.com/s/files/1/0664/5288/1483/files/rr__rah_20260804_19_jpg.jpg?v=1785844571|https://cdn.shopify.com/s/files/1/0664/5288/1483/files/rr__rah_20260804_8_jpg.jpg?v=1785844571|https://cdn.shopify.com/s/files/1/0664/5288/1483/files/rr__rah_20260804_7_jpg.jpg?v=1785844571|https://cdn.shopify.com/s/files/1/0664/5288/1483/files/rr__rah_20260804_11_jpg.jpg?v=1785844570|https://cdn.shopify.com/s/files/1/0664/5288/1483/files/rr__rah_20260804_15_jpg.jpg?v=1785844571|https://cdn.shopify.com/s/files/1/0664/5288/1483/files/rr__rah_20260804_18_jpg.jpg?v=1785844571|https://cdn.shopify.com/s/files/1/0664/5288/1483/files/rr__rah_20260804_6_jpg.jpg?v=1785844570,,s,green,Not specified
BLUEBELL BLOOM 3PC,"This exquisite Women's Eastern Ready to Wear Kurta Set in sky blue is a must-have for your summer wardrobe. The straight cut kurta features delicate embroidery, while the farshi shalwar adds a touch of elegance. Made from lawn fabric with a chiffon dupatta, this 3-piece set is perfect for daily wear. Elevate your style with Tehzeeb Libas.

Disclaimer: Actual product color may vary slightly from the image.",5625,,Everyday Essentials,Tehzeeb Libas,PAK-BB3-S-0,499,https://cdn.shopify.com/s/files/1/0664/5288/1483/files/2E0D0ED0-631F-407F-96FE-F91AAE7B1F11.webp?v=1788276900|https://cdn.shopify.com/s/files/1/0664/5288/1483/files/8E58A18E-33D5-4F77-93D5-2DBD3A062315.webp?v=1788276900|https://cdn.shopify.com/s/files/1/0664/5288/1483/files/ABEA1565-0CB5-4428-9CA4-07FCB74AB86E.webp?v=1788276900,,s,floral,Not specified
FALAK,"This exquisite Daily/Basic Wear Kurta Set in Sapphire Blue features a Slim-Fit Straight Cut Kurta with Embroidered detailing. Made from Lawn fabric, the set includes a Straight Trouser in Lawn and a Chiffon Dupatta. Perfect for Summer Wear, this 3-piece ensemble from Tehzeeb Libas exudes elegance.

Disclaimer: Actual product color may vary slightly from the image.",4995,,Everyday Essentials,Tehzeeb Libas,PAK-FALAK-S-0,314,https://cdn.shopify.com/s/files/1/0664/5288/1483/files/IMG_0448.jpg?v=1788277720|https://cdn.shopify.com/s/files/1/0664/5288/1483/files/IMG_0451.jpg?v=1788277720|https://cdn.shopify.com/s/files/1/0664/5288/1483/files/IMG_0453.jpg?v=1788277720|https://cdn.shopify.com/s/files/1/0664/5288/1483/files/IMG_0449.jpg?v=1788277721|https://cdn.shopify.com/s/files/1/0664/5288/1483/files/IMG_0450.jpg?v=1788277721|https://cdn.shopify.com/s/files/1/0664/5288/1483/files/IMG_0446.jpg?v=1788277720|https://cdn.shopify.com/s/files/1/0664/5288/1483/files/IMG_0452.jpg?v=1788277720,,s,navy; blue; floral; geometric,Not specified
NAGMA,"This elegant Daily/Basic Wear Kurta Set from Tehzeeb Libas exudes summer sophistication. Crafted from airy Lawn fabrics in a soothing Brown color, the Straight Cut Kurta features intricate Embroidery work. Paired with a matching Straight Trouser in Lawn, this 2-piece ensemble offers a slim fit for a polished look. Elevate your summer wardrobe with this effortlessly chic set.

Disclaimer: Actual product color may vary slightly from the image.",3960,,Everyday Essentials,Tehzeeb Libas,PAK-NAGMA-S-0,352,https://cdn.shopify.com/s/files/1/0664/5288/1483/files/CoconutLuxeurs2pcLawnEmbroideredDress_1_2ee3a476-d39f-4146-b30a-e588a7dd6cb8.webp?v=1788278235|https://cdn.shopify.com/s/files/1/0664/5288/1483/files/CoconutLuxeurs2pcLawnEmbroideredDress_2.webp?v=1788278235|https://cdn.shopify.com/s/files/1/0664/5288/1483/files/CoconutLuxeurs2pcLawnEmbroideredDress_1.webp?v=1788278235,,s,brown,Not specified
JAZERA EMBROIDERED 3PC,"This exquisite 3-piece Kurta Set is perfect for daily wear. The slim-fit Straight Cut Kurta in refreshing Green Lawn fabric features intricate Embroidery, paired with a Farshi Shalwar in soft Lawn. The Chiffon Dupatta adds elegance to this summer ensemble. Embrace comfort and style with Tehzeeb Libas.

Disclaimer: Actual product color may vary slightly from the image.",4927,,Everyday Essentials,Tehzeeb Libas,PAK-JE3-S-0,345,https://cdn.shopify.com/s/files/1/0664/5288/1483/files/WhatsAppImage2026-09-01at9.03.03PM.jpg?v=1788278630|https://cdn.shopify.com/s/files/1/0664/5288/1483/files/WhatsAppImage2026-09-01at9.03.02PM_1.jpg?v=1788278630|https://cdn.shopify.com/s/files/1/0664/5288/1483/files/WhatsAppImage2026-09-01at9.03.02PM_2.jpg?v=1788278630|https://cdn.shopify.com/s/files/1/0664/5288/1483/files/WhatsAppImage2026-09-01at9.03.02PM.jpg?v=1788278630|https://cdn.shopify.com/s/files/1/0664/5288/1483/files/WhatsAppImage2026-09-01at9.03.01PM_1.jpg?v=1788278630|https://cdn.shopify.com/s/files/1/0664/5288/1483/files/WhatsAppImage2026-09-01at9.03.01PM.jpg?v=1788278630,,s,floral; green,Not specified
